"","data_source","model_ensemble","predictionScaled","no_transScaled","smth_transScaled","crt_transScaled","predictionUnscaled","no_transUnscaled","smth_transUnscaled","crt_transUnscaled","lake","res","method","computation","troph_level"
"1","copepotide-i","25","Smooth Transition",0.0364829413592815,0.936261057853699,0.0272560659796,"Critical Transition",0.118965819478035,0.0371531620621681,0.843880891799927,"Kinneret","Yearly","EWSNet","ML","zooplankton"
"2","copepotide-ii","25","Smooth Transition",0.100109860301018,0.840423107147217,0.0594669245183468,"Critical Transition",0.118758611381054,0.0370724834501743,0.844168782234192,"Kinneret","Yearly","EWSNet","ML","zooplankton"
"3","copepotide-iii","25","Smooth Transition",0.212574735283852,0.75286191701889,0.0345633141696453,"Critical Transition",0.118779115378857,0.0370685011148453,0.844152450561523,"Kinneret","Yearly","EWSNet","ML","zooplankton"
"4","copepotide-iv","25","No Transition",0.441667377948761,0.318221926689148,0.24011068046093,"Critical Transition",0.118784196674824,0.0370735228061676,0.844142317771912,"Kinneret","Yearly","EWSNet","ML","zooplankton"
"5","copepotide-v","25","Smooth Transition",0.0307840555906296,0.940222859382629,0.0289930272847414,"Critical Transition",0.118726015090942,0.0370839275419712,0.844190061092377,"Kinneret","Yearly","EWSNet","ML","zooplankton"
"6","cyclopid-N-I-III","25","Smooth Transition",0.0869220197200775,0.907836973667145,0.00524108717218041,"Critical Transition",0.121358245611191,0.0370847135782242,0.841557025909424,"Kinneret","Yearly","EWSNet","ML","zooplankton"
"7","cyclopoid-N-IV-VI","25","Smooth Transition",0.0363003276288509,0.960695207118988,0.00300447875633836,"Critical Transition",0.118561841547489,0.0370469391345978,0.844391226768494,"Kinneret","Yearly","EWSNet","ML","zooplankton"
"8","Mesocyclops","25","Smooth Transition",0.339139342308044,0.525284767150879,0.135575950145721,"Critical Transition",0.119073241949081,0.0371828638017178,0.843743801116943,"Kinneret","Yearly","EWSNet","ML","zooplankton"
"9","Thermocyclops","25","Smooth Transition",0.0468008555471897,0.92500764131546,0.0281915999948978,"Critical Transition",0.118820831179619,0.0370993129909039,0.844079792499542,"Kinneret","Yearly","EWSNet","ML","zooplankton"
"10","Diaphanosoma","25","Smooth Transition",0.237492576241493,0.70710951089859,0.0553977489471436,"Critical Transition",0.119039386510849,0.0371402427554131,0.843820512294769,"Kinneret","Yearly","EWSNet","ML","zooplankton"
"11","Bosmina","25","Smooth Transition",0.0155751230195165,0.96773499250412,0.0166898351162672,"Critical Transition",0.118466816842556,0.0370801091194153,0.844452977180481,"Kinneret","Yearly","EWSNet","ML","zooplankton"
"12","Ceriodaphnia","25","Smooth Transition",0.222680896520615,0.749893963336945,0.0274253599345684,"Critical Transition",0.118960730731487,0.0370945557951927,0.843944787979126,"Kinneret","Yearly","EWSNet","ML","zooplankton"
"13","Chydorus","25","Smooth Transition",0.0270471572875977,0.963058114051819,0.00989490747451782,"Critical Transition",0.118825778365135,0.0371022373437881,0.844072043895721,"Kinneret","Yearly","EWSNet","ML","zooplankton"
"14","Keratella","25","Smooth Transition",0.215647041797638,0.770370543003082,0.0139824524521828,"Critical Transition",0.120472118258476,0.0373264104127884,0.842201471328735,"Kinneret","Yearly","EWSNet","ML","zooplankton"
"15","AsplanPriod","25","Smooth Transition",0.00540706096217036,0.984679102897644,0.00991383288055658,"Critical Transition",0.118697687983513,0.0370928198099136,0.844209372997284,"Kinneret","Yearly","EWSNet","ML","zooplankton"
"16","SynchOblong","25","Smooth Transition",0.0274313669651747,0.964713275432587,0.0078553669154644,"Critical Transition",0.118867874145508,0.0371264442801476,0.844005644321442,"Kinneret","Yearly","EWSNet","ML","zooplankton"
"17","Synchaeta","25","Smooth Transition",0.0188675876706839,0.970185935497284,0.0109465066343546,"Critical Transition",0.118699587881565,0.0370931401848793,0.844207227230072,"Kinneret","Yearly","EWSNet","ML","zooplankton"
"18","Polyarthra","25","Smooth Transition",0.0164816454052925,0.968750715255737,0.0147676337510347,"Critical Transition",0.118331201374531,0.0370541587471962,0.844614505767822,"Kinneret","Yearly","EWSNet","ML","zooplankton"
"19","Ascomorpha","25","Smooth Transition",0.170237630605698,0.814743936061859,0.0150184035301208,"Critical Transition",0.118746273219585,0.0370996706187725,0.844154000282288,"Kinneret","Yearly","EWSNet","ML","zooplankton"
"20","Hexarthra","25","Smooth Transition",0.0241930726915598,0.934805631637573,0.0410014279186726,"Critical Transition",0.118103913962841,0.0370709523558617,0.844825208187103,"Kinneret","Yearly","EWSNet","ML","zooplankton"
"21","Brachionus","25","Smooth Transition",0.0806515142321587,0.902279376983643,0.017068961635232,"Critical Transition",0.118364237248898,0.037142675369978,0.844493269920349,"Kinneret","Yearly","EWSNet","ML","zooplankton"
"22","Anuraeopsis","25","Smooth Transition",0.0166210476309061,0.977491080760956,0.00588804855942726,"Critical Transition",0.118816792964935,0.0371012166142464,0.844082057476044,"Kinneret","Yearly","EWSNet","ML","zooplankton"
"23","Oocystis","25","Smooth Transition",0.0491269864141941,0.935975432395935,0.0148976361379027,"Critical Transition",0.0399832427501678,0.0920289978384972,0.867987751960754,"Kasumigaura","Yearly","EWSNet","ML","zooplankton"
"24","Pediastrum","25","Smooth Transition",0.0535466820001602,0.935472667217255,0.0109806768596172,"Critical Transition",2.25312280804014e-22,0.112166918814182,0.887833118438721,"Kasumigaura","Yearly","EWSNet","ML","zooplankton"
"25","Peridinium","25","Smooth Transition",0.0127534652128816,0.98412424325943,0.00312231131829321,"Critical Transition",4.1959879401325e-28,0.0799999982118607,0.920000016689301,"Kasumigaura","Yearly","EWSNet","ML","zooplankton"
"26","Phacus","25","Smooth Transition",0.0445702970027924,0.936248779296875,0.0191810056567192,"Critical Transition",7.50366098145605e-07,0.0902123898267746,0.909786820411682,"Kasumigaura","Yearly","EWSNet","ML","zooplankton"
"27","Planktolyngbya","25","Smooth Transition",0.12085073441267,0.86819976568222,0.0109494160860777,"Critical Transition",0,0.0402106791734695,0.959789276123047,"Kasumigaura","Yearly","EWSNet","ML","zooplankton"
"28","Planktothrix","25","Smooth Transition",0.0500103197991848,0.936161875724792,0.013827851973474,"Critical Transition",0,0.0799999982118607,0.920000016689301,"Kasumigaura","Yearly","EWSNet","ML","zooplankton"
"29","Polyblepharides","25","Smooth Transition",0.235966935753822,0.754536211490631,0.009496895596385,"Critical Transition",0,0.0399999991059303,0.959999978542328,"Kasumigaura","Yearly","EWSNet","ML","zooplankton"
"30","Pseudanabaena","25","Smooth Transition",0.0726431682705879,0.921019077301025,0.00633773813024163,"Critical Transition",2.51318255095612e-09,0.0799998342990875,0.92000013589859,"Kasumigaura","Yearly","EWSNet","ML","zooplankton"
"31","Pseudocarteria","25","Smooth Transition",0.314424455165863,0.671095490455627,0.0144800627604127,"Critical Transition",4.39233463112032e-06,0.115178696811199,0.884816944599152,"Kasumigaura","Yearly","EWSNet","ML","zooplankton"
"32","Pteromonas","25","Smooth Transition",0.0380780398845673,0.951322913169861,0.0105989407747984,"Critical Transition",0.0399999991059303,0.0799224600195885,0.880077600479126,"Kasumigaura","Yearly","EWSNet","ML","zooplankton"
"33","Quadricoccus","25","Smooth Transition",0.0137018691748381,0.973927557468414,0.0123706161975861,"Critical Transition",0.00336852227337658,0.104139223694801,0.892492294311523,"Kasumigaura","Yearly","EWSNet","ML","zooplankton"
"34","Quadrigula","25","Smooth Transition",0.175823971629143,0.820146381855011,0.00402957480400801,"Critical Transition",0.0167370270937681,0.0574404112994671,0.925822675228119,"Kasumigaura","Yearly","EWSNet","ML","zooplankton"
"35","Radiococcus","25","Smooth Transition",0.0175639893859625,0.970822691917419,0.0116132972761989,"Critical Transition",0.0137128150090575,0.0542374551296234,0.932049691677094,"Kasumigaura","Yearly","EWSNet","ML","zooplankton"
"36","Rhabdoderma","25","Smooth Transition",0.0159722808748484,0.965668499469757,0.0183592271059752,"Critical Transition",0.0325591675937176,0.0874408408999443,0.879999995231628,"Kasumigaura","Yearly","EWSNet","ML","zooplankton"
"37","Rhabdogloea","25","Smooth Transition",0.0499405115842819,0.925906002521515,0.0241534989327192,"Critical Transition",0.0155440792441368,0.0588258169591427,0.925630211830139,"Kasumigaura","Yearly","EWSNet","ML","zooplankton"
"38","Romeria","25","Smooth Transition",0.0261704418808222,0.948388755321503,0.0254408661276102,"Critical Transition",0.0142790582031012,0.150174543261528,0.835546314716339,"Kasumigaura","Yearly","EWSNet","ML","zooplankton"
"39","Scenedesmus","25","Smooth Transition",0.0254998859018087,0.958753645420074,0.0157463867217302,"Critical Transition",0.00094008824089542,0.119087159633636,0.879972755908966,"Kasumigaura","Yearly","EWSNet","ML","zooplankton"
"40","Schroederia","25","Smooth Transition",0.00172500009648502,0.992509603500366,0.00576545530930161,"Critical Transition",1.38766687030056e-08,0.119742967188358,0.8802570104599,"Kasumigaura","Yearly","EWSNet","ML","zooplankton"
"41","Snowella","25","Smooth Transition",0.0694378688931465,0.927437007427216,0.0031252617482096,"Critical Transition",0,0.0799999982118607,0.920000016689301,"Kasumigaura","Yearly","EWSNet","ML","zooplankton"
"42","Sphaerospermopsis","25","No Transition",0.77228057384491,0.206858575344086,0.0208608321845531,"Critical Transition",7.85465713738082e-13,0.0801111310720444,0.919888854026794,"Kasumigaura","Yearly","EWSNet","ML","zooplankton"
"43","Staurastrum","25","Smooth Transition",0.123590856790543,0.870503306388855,0.00590572971850634,"Critical Transition",0,0.039997074753046,0.960002899169922,"Kasumigaura","Yearly","EWSNet","ML","zooplankton"
"44","Staurosirella","25","Smooth Transition",0.0142041360959411,0.970120072364807,0.015675837174058,"Critical Transition",3.95813491809229e-18,0.0400013290345669,0.959998607635498,"Kasumigaura","Yearly","EWSNet","ML","zooplankton"
"45","Synura","25","Smooth Transition",0.133315891027451,0.857838034629822,0.00884603522717953,"Critical Transition",0.0854990482330322,0.0311445258557796,0.88335645198822,"Kasumigaura","Yearly","EWSNet","ML","zooplankton"
"46","Tetrachlorella","25","Smooth Transition",0.0665077269077301,0.923634946346283,0.00985737051814795,"Critical Transition",0.00293956394307315,0.11564264446497,0.881417751312256,"Kasumigaura","Yearly","EWSNet","ML","zooplankton"
"47","Tetradesmus","25","Smooth Transition",0.0149824228137732,0.978063642978668,0.00695384806022048,"Critical Transition",0.010473757982254,0.15672205388546,0.832804203033447,"Kasumigaura","Yearly","EWSNet","ML","zooplankton"
"48","Tetraedron","25","Smooth Transition",0.239338994026184,0.749685227870941,0.010975856333971,"Critical Transition",0.0399999469518661,0.0434286780655384,0.916571438312531,"Kasumigaura","Yearly","EWSNet","ML","zooplankton"
"49","Alona","25","Smooth Transition",0.144423961639404,0.834473967552185,0.0211021788418293,"Critical Transition",0.0905318707227707,0.0327298790216446,0.87673819065094,"Lower Zurich","Yearly","EWSNet","ML","zooplankton"
"50","Asplanchna","25","Smooth Transition",0.178093820810318,0.806857705116272,0.0150485448539257,"Critical Transition",0.0385836437344551,0.105675518512726,0.855740904808044,"Lower Zurich","Yearly","EWSNet","ML","zooplankton"
"51","Bosmina","25","Smooth Transition",0.0185980871319771,0.971716463565826,0.00968553777784109,"Critical Transition",0.0313908345997334,0.0971922427415848,0.871416926383972,"Lower Zurich","Yearly","EWSNet","ML","zooplankton"
"52","Bythotrephes","25","Smooth Transition",0.017795879393816,0.960912644863129,0.0212914235889912,"Critical Transition",0.0196608789265156,0.0409020856022835,0.939436972141266,"Lower Zurich","Yearly","EWSNet","ML","zooplankton"
"53","Canthocamptus","25","Smooth Transition",0.032569408416748,0.954740524291992,0.01269003842026,"Critical Transition",0.0956585481762886,0.0331504233181477,0.871191024780273,"Lower Zurich","Yearly","EWSNet","ML","zooplankton"
"54","Ceriodaphnia","25","Smooth Transition",0.0115392962470651,0.97392326593399,0.0145375616848469,"Critical Transition",0.0392866507172585,0.03667276725173,0.924040615558624,"Lower Zurich","Yearly","EWSNet","ML","zooplankton"
"55","Chaoborus","25","Smooth Transition",0.0222260355949402,0.970001578330994,0.00777238141745329,"Critical Transition",0.0956790521740913,0.0335018783807755,0.87081903219223,"Lower Zurich","Yearly","EWSNet","ML","zooplankton"
"56","Cyclops","25","Smooth Transition",0.0196547657251358,0.961317420005798,0.0190278310328722,"Critical Transition",2.50859266692771e-09,0.132372826337814,0.867627263069153,"Lower Zurich","Yearly","EWSNet","ML","zooplankton"
"57","Daphnia","25","Smooth Transition",0.0798778980970383,0.905580282211304,0.0145418373867869,"Critical Transition",0.0366956852376461,0.083265632390976,0.880038619041443,"Lower Zurich","Yearly","EWSNet","ML","zooplankton"
"58","Daphniidae","25","Smooth Transition",0.0956737548112869,0.889398872852325,0.0149273434653878,"Critical Transition",0.0612826161086559,0.0311354659497738,0.90758204460144,"Lower Zurich","Yearly","EWSNet","ML","zooplankton"
"59","Diacyclops","25","Smooth Transition",0.417900085449219,0.574529409408569,0.00757041946053505,"Critical Transition",0.0134479878470302,0.0805232748389244,0.906028807163239,"Lower Zurich","Yearly","EWSNet","ML","zooplankton"
"60","Diaphanosoma","25","Smooth Transition",0.0492364317178726,0.917977452278137,0.032786101102829,"Critical Transition",0.0128325317054987,0.153473913669586,0.833693623542786,"Lower Zurich","Yearly","EWSNet","ML","zooplankton"
"61","Diaptomus","25","Smooth Transition",0.0184707473963499,0.973102748394012,0.00842650793492794,"Critical Transition",0.0019384054467082,0.163181960582733,0.834879636764526,"Lower Zurich","Yearly","EWSNet","ML","zooplankton"
"62","Eudiaptomus","25","Smooth Transition",0.0295614674687386,0.932905793190002,0.0375326760113239,"Critical Transition",0.000185872879228555,0.151017606258392,0.848796546459198,"Lower Zurich","Yearly","EWSNet","ML","zooplankton"
"63","Leptodora","25","Smooth Transition",0.0538280867040157,0.939208209514618,0.0069637899287045,"Critical Transition",0.00770106911659241,0.117755606770515,0.874543309211731,"Lower Zurich","Yearly","EWSNet","ML","zooplankton"
"64","Megacyclops","25","Smooth Transition",0.00266697048209608,0.974398553371429,0.0229344256222248,"Critical Transition",0.0958716496825218,0.0328944958746433,0.871233820915222,"Lower Zurich","Yearly","EWSNet","ML","zooplankton"
"65","Mesocyclops","25","Smooth Transition",0.0840739831328392,0.896818935871124,0.0191071480512619,"Critical Transition",0.0124090472236276,0.130783945322037,0.856806993484497,"Lower Zurich","Yearly","EWSNet","ML","zooplankton"
"66","Polyphemus","25","Smooth Transition",0.0208248384296894,0.971680164337158,0.00749501120299101,"Critical Transition",0.0954240635037422,0.0330486260354519,0.871527314186096,"Lower Zurich","Yearly","EWSNet","ML","zooplankton"
"67","ACANTHOCYCLOPS","25","Smooth Transition",0.0823693051934242,0.908180773258209,0.00944998767226934,"Critical Transition",0.385027527809143,0.0653368011116982,0.549635648727417,"Mendota","Yearly","EWSNet","ML","zooplankton"
"68","AGLAODIAPTOMUS","25","Smooth Transition",0.0408313795924187,0.941230595111847,0.0179380122572184,"Critical Transition",0.384415328502655,0.0653304159641266,0.550254225730896,"Mendota","Yearly","EWSNet","ML","zooplankton"
"69","ALONA","25","Smooth Transition",0.0215306431055069,0.969239175319672,0.00923022720962763,"Critical Transition",0.385000795125961,0.0653404220938683,0.54965877532959,"Mendota","Yearly","EWSNet","ML","zooplankton"
"70","BYTHOTREPHES","25","Smooth Transition",0.0180209428071976,0.972845613956451,0.009133524261415,"Critical Transition",0.384998619556427,0.0653406977653503,0.549660623073578,"Mendota","Yearly","EWSNet","ML","zooplankton"
"71","CALANOID","25","Smooth Transition",0.117685459554195,0.876600742340088,0.00571367749944329,"Critical Transition",0.385022819042206,0.0652972757816315,0.54967999458313,"Mendota","Yearly","EWSNet","ML","zooplankton"
"72","CHYDORUS","25","Smooth Transition",0.148206695914268,0.832205176353455,0.0195879712700844,"Critical Transition",0.384891659021378,0.0653441473841667,0.549764215946198,"Mendota","Yearly","EWSNet","ML","zooplankton"
"73","COPEPOD","25","Smooth Transition",0.0104994215071201,0.98825216293335,0.00124845432583243,"Critical Transition",0.402860522270203,0.0651531293988228,0.5319864153862,"Mendota","Yearly","EWSNet","ML","zooplankton"
"74","COPEPODITES","25","Smooth Transition",0.0192300248891115,0.970001995563507,0.010767986997962,"Critical Transition",0.384711533784866,0.0653492286801338,0.549939274787903,"Mendota","Yearly","EWSNet","ML","zooplankton"
"75","CYCLOPOID","25","Smooth Transition",0.0116363130509853,0.960122764110565,0.028240978717804,"Critical Transition",0.388305395841599,0.0651793926954269,0.546515166759491,"Mendota","Yearly","EWSNet","ML","zooplankton"
"76","DAPHNIA","25","Smooth Transition",0.0161786768585443,0.976990818977356,0.00683051533997059,"Critical Transition",0.388485670089722,0.065125398337841,0.546388924121857,"Mendota","Yearly","EWSNet","ML","zooplankton"
"77","DIACYCLOPS","25","No Transition",0.596508741378784,0.397624433040619,0.00586688052862883,"Critical Transition",0.390300571918488,0.0647613108158112,0.544938027858734,"Mendota","Yearly","EWSNet","ML","zooplankton"
"78","DIAPHANOSOMA","25","Smooth Transition",0.0114649804309011,0.966564118862152,0.0219708941876888,"Critical Transition",0.385007053613663,0.0653418526053429,0.549651086330414,"Mendota","Yearly","EWSNet","ML","zooplankton"
"79","DIAPTOMID","25","Smooth Transition",0.0151305384933949,0.959876120090485,0.0249932743608952,"Critical Transition",0.385044783353806,0.0651768893003464,0.54977822303772,"Mendota","Yearly","EWSNet","ML","zooplankton"
"80","HARPACTICOID","25","Smooth Transition",0.0404545702040195,0.951397776603699,0.00814760476350784,"Critical Transition",0.3850017786026,0.0653408318758011,0.549657344818115,"Mendota","Yearly","EWSNet","ML","zooplankton"
"81","LEPTODORA","25","Smooth Transition",0.0931576788425446,0.895485401153564,0.0113568995147943,"Critical Transition",0.385000914335251,0.0653403252363205,0.549658715724945,"Mendota","Yearly","EWSNet","ML","zooplankton"
"82","MESOCYCLOPS","25","Smooth Transition",0.013900195248425,0.975070357322693,0.0110294111073017,"Critical Transition",0.384954631328583,0.0653515681624413,0.549693703651428,"Mendota","Yearly","EWSNet","ML","zooplankton"
"83","SINOBOSMINA","25","Smooth Transition",0.0174825210124254,0.978151679039001,0.00436573103070259,"Critical Transition",0.385008841753006,0.0653406009078026,0.5496506690979,"Mendota","Yearly","EWSNet","ML","zooplankton"
"84","TROPOCYCLOPS","25","Smooth Transition",0.00335563998669386,0.990649044513702,0.00599527359008789,"Critical Transition",0.385001569986343,0.0653414130210876,0.549656987190247,"Mendota","Yearly","EWSNet","ML","zooplankton"
"85","zoobiomass","25","Smooth Transition",0.0120290676131845,0.980542004108429,0.00742892548441887,"Critical Transition",0.193579822778702,0.0481334179639816,0.758286893367767,"Windermere","Yearly","EWSNet","ML","zooplankton"
"86","Bosmina","25","Smooth Transition",0.0103409998118877,0.969885468482971,0.0197735577821732,"Critical Transition",0.193558350205421,0.0481237359344959,0.758317947387695,"Windermere","Yearly","EWSNet","ML","zooplankton"
"87","Daphnia","25","Smooth Transition",0.0060366396792233,0.982273936271667,0.0116894189268351,"Critical Transition",0.193563207983971,0.0481248125433922,0.758312165737152,"Windermere","Yearly","EWSNet","ML","zooplankton"
"88","TotCalanoids","25","Smooth Transition",0.00868222676217556,0.979210734367371,0.0121070854365826,"Critical Transition",0.193569675087929,0.0481260046362877,0.758304297924042,"Windermere","Yearly","EWSNet","ML","zooplankton"
"89","TotCyclopoids","25","Smooth Transition",0.0132895661517978,0.968843519687653,0.0178668554872274,"Critical Transition",0.193545937538147,0.0481266304850578,0.758327424526215,"Windermere","Yearly","EWSNet","ML","zooplankton"
"90","conochilus","25","Smooth Transition",0.0211868938058615,0.964220821857452,0.0145922936499119,"No Transition",0.84558516740799,0.0627708360552788,0.0916438698768616,"Washington","Yearly","EWSNet","ML","zooplankton"
"91","cyclops","25","Smooth Transition",0.0234939344227314,0.967797935009003,0.0087081603705883,"No Transition",0.845832288265228,0.0627022534608841,0.091465562582016,"Washington","Yearly","EWSNet","ML","zooplankton"
"92","daphnia","25","Smooth Transition",0.0166116002947092,0.966511964797974,0.016876483336091,"No Transition",0.845768332481384,0.0627149119973183,0.0915166661143303,"Washington","Yearly","EWSNet","ML","zooplankton"
"93","diaptomus","25","Smooth Transition",0.0181838311254978,0.9754678606987,0.0063483570702374,"No Transition",0.846602499485016,0.0624782741069794,0.0909193158149719,"Washington","Yearly","EWSNet","ML","zooplankton"
"94","epischura","25","Smooth Transition",0.010591821745038,0.977271020412445,0.0121371867135167,"No Transition",0.845741868019104,0.0627221316099167,0.0915360227227211,"Washington","Yearly","EWSNet","ML","zooplankton"
"95","leptodora","25","Smooth Transition",0.0165158621966839,0.96874862909317,0.0147355012595654,"No Transition",0.845763683319092,0.0627161264419556,0.0915203019976616,"Washington","Yearly","EWSNet","ML","zooplankton"
"96","neomysis","25","Smooth Transition",0.0098524484783411,0.972185909748077,0.0179616883397102,"No Transition",0.845763564109802,0.0627161040902138,0.0915202349424362,"Washington","Yearly","EWSNet","ML","zooplankton"
"97","nonDaphnid.cladocerans","25","Smooth Transition",0.00748016871511936,0.982808887958527,0.00971093866974115,"No Transition",0.845715165138245,0.0627348348498344,0.0915499627590179,"Washington","Yearly","EWSNet","ML","zooplankton"
"98","nc.rotifers","25","Smooth Transition",0.0138469552621245,0.971527695655823,0.0146253826096654,"No Transition",0.845779478549957,0.0627613663673401,0.0914591029286385,"Washington","Yearly","EWSNet","ML","zooplankton"
"99","Cyclops","25","Smooth Transition",0.0180223435163498,0.966100633144379,0.0158770233392715,"Critical Transition",0.0173624586313963,0.238454759120941,0.744182765483856,"Loch Leven","Yearly","EWSNet","ML","zooplankton"
"100","Eudiaptomus","25","Smooth Transition",0.0075644557364285,0.980379462242126,0.0120561011135578,"Critical Transition",0.0148156993091106,0.349085301160812,0.636098980903625,"Loch Leven","Yearly","EWSNet","ML","zooplankton"
"101","Daphnia","25","Smooth Transition",0.00641854573041201,0.974818587303162,0.0187629461288452,"Critical Transition",0.0102067701518536,0.292888134717941,0.696905076503754,"Loch Leven","Yearly","EWSNet","ML","zooplankton"
"102","Alona","25","Smooth Transition",0.00680129881948233,0.990600228309631,0.00259852618910372,"Critical Transition",0.284497916698456,0.0580646321177483,0.65743750333786,"Upper Zurich","Yearly","EWSNet","ML","zooplankton"
"103","Asplanchna","25","Smooth Transition",0.00661233859136701,0.989525437355042,0.00386216817423701,"Critical Transition",4.89861713504069e-06,0.164211839437485,0.835783302783966,"Upper Zurich","Yearly","EWSNet","ML","zooplankton"
"104","Bosmina","25","Smooth Transition",0.0360368266701698,0.932692170143127,0.0312711223959923,"Critical Transition",0.0388018116354942,0.103703334927559,0.85749489068985,"Upper Zurich","Yearly","EWSNet","ML","zooplankton"
"105","Bythotrephes","25","Smooth Transition",0.0101265599951148,0.979598999023438,0.0102743338793516,"Critical Transition",0.0499211512506008,0.0590937286615372,0.890985012054443,"Upper Zurich","Yearly","EWSNet","ML","zooplankton"
"106","Canthocamptus","25","Smooth Transition",0.0119464229792356,0.979624330997467,0.00842932052910328,"Critical Transition",0.288603693246841,0.0585409514605999,0.652855396270752,"Upper Zurich","Yearly","EWSNet","ML","zooplankton"
"107","Ceriodaphnia","25","Smooth Transition",0.010115803219378,0.966132402420044,0.0237518716603518,"Critical Transition",0.0975662171840668,0.0607720091938972,0.841661751270294,"Upper Zurich","Yearly","EWSNet","ML","zooplankton"
"108","Chaoborus","25","Smooth Transition",0.0170558616518974,0.979929685592651,0.00301457336172462,"Critical Transition",0.284651666879654,0.0580634884536266,0.657284796237946,"Upper Zurich","Yearly","EWSNet","ML","zooplankton"
"109","Cyclops","25","Smooth Transition",0.00743969902396202,0.9871866106987,0.00537374569103122,"Critical Transition",0.0335614047944546,0.0811159536242485,0.885322630405426,"Upper Zurich","Yearly","EWSNet","ML","zooplankton"
"110","Daphnia","25","Smooth Transition",0.330945938825607,0.650561511516571,0.0184924453496933,"Critical Transition",0.0399998091161251,0.0799875035881996,0.880012691020966,"Upper Zurich","Yearly","EWSNet","ML","zooplankton"
"111","Daphniidae","25","Smooth Transition",0.105677165091038,0.888692796230316,0.00562994228675961,"Critical Transition",0.222301483154297,0.0585043542087078,0.719194233417511,"Upper Zurich","Yearly","EWSNet","ML","zooplankton"
"112","Diacyclops","25","No Transition",0.648388743400574,0.32604855298996,0.0255627129226923,"Critical Transition",0.0134760905057192,0.0973390117287636,0.889184772968292,"Upper Zurich","Yearly","EWSNet","ML","zooplankton"
"113","Diaphanosoma","25","Smooth Transition",0.00991428922861814,0.978654801845551,0.0114308511838317,"Critical Transition",0.0398547612130642,0.158340737223625,0.801804602146149,"Upper Zurich","Yearly","EWSNet","ML","zooplankton"
"114","Diaptomus","25","Smooth Transition",0.0185139086097479,0.974209725856781,0.00727637903764844,"Critical Transition",0.00714580481871963,0.223905101418495,0.768949210643768,"Upper Zurich","Yearly","EWSNet","ML","zooplankton"
"115","Eudiaptomus","25","Smooth Transition",0.323200106620789,0.66038191318512,0.0164180211722851,"Critical Transition",0.000905962893739343,0.159181252121925,0.83991277217865,"Upper Zurich","Yearly","EWSNet","ML","zooplankton"
"116","Leptodora","25","Smooth Transition",0.332098960876465,0.661826848983765,0.00607425766065717,"Critical Transition",0.0160694569349289,0.148796647787094,0.835133910179138,"Upper Zurich","Yearly","EWSNet","ML","zooplankton"
"117","Megacyclops","25","Smooth Transition",0.0629671439528465,0.935603737831116,0.00142910133581609,"Critical Transition",0.283407330513,0.0580316074192524,0.658560991287231,"Upper Zurich","Yearly","EWSNet","ML","zooplankton"
"118","Mesocyclops","25","Smooth Transition",0.0155150247737765,0.973663628101349,0.0108213648200035,"Critical Transition",4.35496576756123e-06,0.184924140572548,0.815071582794189,"Upper Zurich","Yearly","EWSNet","ML","zooplankton"
"119","Polyphemus","25","Smooth Transition",0.0363909676671028,0.955901205539703,0.00770785333588719,"Critical Transition",0.285243690013885,0.0580673366785049,0.656688988208771,"Upper Zurich","Yearly","EWSNet","ML","zooplankton"
"120","ACANTHOCYCLOPS","25","Smooth Transition",0.0696406364440918,0.913186252117157,0.0171730704605579,"No Transition",0.608668744564056,0.0721271932125092,0.319204092025757,"Monona","Yearly","EWSNet","ML","zooplankton"
"121","AGLAODIAPTOMUS","25","Smooth Transition",0.117852039635181,0.878520488739014,0.00362745905295014,"No Transition",0.608379304409027,0.0721576288342476,0.319463044404984,"Monona","Yearly","EWSNet","ML","zooplankton"
"122","ALONA","25","Smooth Transition",0.0722398981451988,0.920567035675049,0.00719299074262381,"No Transition",0.608665823936462,0.0721268877387047,0.319207161664963,"Monona","Yearly","EWSNet","ML","zooplankton"
"123","BYTHOTREPHES","25","Smooth Transition",0.0277418754994869,0.957105457782745,0.0151526415720582,"No Transition",0.608647108078003,0.0721283033490181,0.31922459602356,"Monona","Yearly","EWSNet","ML","zooplankton"
"124","CALANOID","25","Smooth Transition",0.402917563915253,0.57839959859848,0.0186828225851059,"No Transition",0.609329402446747,0.072049081325531,0.318621635437012,"Monona","Yearly","EWSNet","ML","zooplankton"
"125","CHYDORUS","25","Smooth Transition",0.00276097981259227,0.982196033000946,0.015042875893414,"No Transition",0.609387636184692,0.0721063539385796,0.31850591301918,"Monona","Yearly","EWSNet","ML","zooplankton"
"126","COPEPOD","25","Smooth Transition",0.0397444814443588,0.941992044448853,0.0182634871453047,"No Transition",0.623071134090424,0.070877693593502,0.306051105260849,"Monona","Yearly","EWSNet","ML","zooplankton"
"127","COPEPODITES","25","Smooth Transition",0.0259328540414572,0.968182981014252,0.0058841104619205,"No Transition",0.608246266841888,0.0721722692251205,0.31958144903183,"Monona","Yearly","EWSNet","ML","zooplankton"
"128","CYCLOPOID","25","Smooth Transition",0.162343382835388,0.828183650970459,0.00947300717234612,"No Transition",0.610750555992126,0.0719439089298248,0.317305535078049,"Monona","Yearly","EWSNet","ML","zooplankton"
"129","DAPHNIA","25","Smooth Transition",0.00910298433154821,0.983913600444794,0.0069835358299315,"No Transition",0.61072713136673,0.0718651562929153,0.317407518625259,"Monona","Yearly","EWSNet","ML","zooplankton"
"130","DIACYCLOPS","25","Smooth Transition",0.0135712893679738,0.965863883495331,0.0205647945404053,"No Transition",0.610933065414429,0.0720028951764107,0.317064046859741,"Monona","Yearly","EWSNet","ML","zooplankton"
"131","DIAPHANOSOMA","25","Smooth Transition",0.00264771399088204,0.976538002490997,0.020814185962081,"No Transition",0.608980357646942,0.0721000358462334,0.318919599056244,"Monona","Yearly","EWSNet","ML","zooplankton"
"132","DIAPTOMID","25","Smooth Transition",0.00689682131633162,0.983294427394867,0.00980876013636589,"No Transition",0.611229300498962,0.0718166083097458,0.316953986883163,"Monona","Yearly","EWSNet","ML","zooplankton"
"133","LEPTODORA","25","No Transition",0.686199486255646,0.299427300691605,0.0143732139840722,"No Transition",0.608651757240295,0.0721279084682465,0.319220393896103,"Monona","Yearly","EWSNet","ML","zooplankton"
"134","MESOCYCLOPS","25","Smooth Transition",0.25476086139679,0.735981464385986,0.00925773289054632,"No Transition",0.609312951564789,0.0720745250582695,0.318612515926361,"Monona","Yearly","EWSNet","ML","zooplankton"
"135","SINOBOSMINA","25","Smooth Transition",0.00482755666598678,0.9815514087677,0.0136210443452001,"No Transition",0.608839631080627,0.0721282809972763,0.31903201341629,"Monona","Yearly","EWSNet","ML","zooplankton"
"136","TROPOCYCLOPS","25","Smooth Transition",0.00919812172651291,0.983044564723969,0.00775728840380907,"No Transition",0.608645081520081,0.0721284747123718,0.319226503372192,"Monona","Yearly","EWSNet","ML","zooplankton"
"137","copepotide.i","25","Critical Transition",0.0192203707993031,0.254816234111786,0.725963413715363,"Critical Transition",0.0234393216669559,0.0179331060498953,0.958627641201019,"Kinneret","Monthly","EWSNet","ML","zooplankton"
"138","copepotide.ii","25","Critical Transition",0.0117509802803397,0.270361453294754,0.71788763999939,"Critical Transition",0.0232423357665539,0.0179127659648657,0.958844780921936,"Kinneret","Monthly","EWSNet","ML","zooplankton"
"139","copepotide.iii","25","Smooth Transition",0.00832762196660042,0.940018177032471,0.0516542233526707,"Critical Transition",0.0232476834207773,0.0179006829857826,0.958851635456085,"Kinneret","Monthly","EWSNet","ML","zooplankton"
"140","copepotide.iv","25","Smooth Transition",0.014324152842164,0.506362855434418,0.47931307554245,"Critical Transition",0.0230018440634012,0.0178963914513588,0.959101855754852,"Kinneret","Monthly","EWSNet","ML","zooplankton"
"141","copepotide.v","25","Smooth Transition",0.00361041631549597,0.56026291847229,0.436126619577408,"Critical Transition",0.0229349117726088,0.0179200731217861,0.959144949913025,"Kinneret","Monthly","EWSNet","ML","zooplankton"
"142","cyclopid.N.I.III","25","Critical Transition",0.0205346532166004,0.265200734138489,0.714264512062073,"Critical Transition",0.0289863534271717,0.0185597166419029,0.952454090118408,"Kinneret","Monthly","EWSNet","ML","zooplankton"
"143","cyclopoid.N.IV.VI","25","Smooth Transition",0.0192263480275869,0.65190976858139,0.328863829374313,"Critical Transition",0.0242159534245729,0.0181449186056852,0.957639098167419,"Kinneret","Monthly","EWSNet","ML","zooplankton"
"144","Mesocyclops","25","Critical Transition",0.0086270198225975,0.276369959115982,0.715002954006195,"Critical Transition",0.0232970342040062,0.0179691463708878,0.958733797073364,"Kinneret","Monthly","EWSNet","ML","zooplankton"
"145","Thermocyclops","25","Smooth Transition",0.00455521186813712,0.832244694232941,0.163200110197067,"Critical Transition",0.0229316782206297,0.0178712848573923,0.959197103977203,"Kinneret","Monthly","EWSNet","ML","zooplankton"
"146","Diaphanosoma","25","Critical Transition",0.00657235085964203,0.33391472697258,0.659512996673584,"Critical Transition",0.0231355149298906,0.017907127737999,0.958957374095917,"Kinneret","Monthly","EWSNet","ML","zooplankton"
"147","Bosmina","25","Smooth Transition",0.0138833746314049,0.496215522289276,0.489901155233383,"Critical Transition",0.0238202642649412,0.0179414246231318,0.958238303661346,"Kinneret","Monthly","EWSNet","ML","zooplankton"
"148","Ceriodaphnia","25","Smooth Transition",0.0034024037886411,0.940898656845093,0.0556989386677742,"Critical Transition",0.0239271502941847,0.017994362860918,0.958078444004059,"Kinneret","Monthly","EWSNet","ML","zooplankton"
"149","Chydorus","25","Critical Transition",0.0143848275765777,0.367724418640137,0.61789083480835,"Critical Transition",0.0227776821702719,0.0178651679307222,0.959357142448425,"Kinneret","Monthly","EWSNet","ML","zooplankton"
"150","Keratella","25","Critical Transition",0.0179232005029917,0.453363448381424,0.528713405132294,"Critical Transition",0.0277019385248423,0.0192726533859968,0.953025341033936,"Kinneret","Monthly","EWSNet","ML","zooplankton"
"151","AsplanPriod","25","Critical Transition",0.0255175773054361,0.384821534156799,0.589660942554474,"Critical Transition",0.0228560138493776,0.0178680811077356,0.959276020526886,"Kinneret","Monthly","EWSNet","ML","zooplankton"
"152","SynchOblong","25","Critical Transition",0.00800772197544575,0.288153558969498,0.703838884830475,"Critical Transition",0.0234159659594297,0.0179787036031485,0.958605408668518,"Kinneret","Monthly","EWSNet","ML","zooplankton"
"153","Synchaeta","25","Critical Transition",0.0136421713978052,0.31813171505928,0.668226063251495,"Critical Transition",0.0231301356106997,0.0179054923355579,0.958964407444,"Kinneret","Monthly","EWSNet","ML","zooplankton"
"154","Polyarthra","25","Critical Transition",0.00893531367182732,0.44758129119873,0.543483436107635,"Critical Transition",0.0240863617509604,0.0180129520595074,0.957900702953339,"Kinneret","Monthly","EWSNet","ML","zooplankton"
"155","Ascomorpha","25","Critical Transition",0.0186987165361643,0.306450515985489,0.674850761890411,"Critical Transition",0.0229415018111467,0.0178884249180555,0.959170162677765,"Kinneret","Monthly","EWSNet","ML","zooplankton"
"156","Hexarthra","25","Critical Transition",0.0223769452422857,0.443029820919037,0.534593343734741,"Critical Transition",0.023202907294035,0.0179387517273426,0.958858489990234,"Kinneret","Monthly","EWSNet","ML","zooplankton"
"157","Brachionus","25","Critical Transition",0.0255725756287575,0.372872203588486,0.601555347442627,"Critical Transition",0.0243168044835329,0.0180037915706635,0.957679390907288,"Kinneret","Monthly","EWSNet","ML","zooplankton"
"158","Anuraeopsis","25","Critical Transition",0.0101341949775815,0.390045046806335,0.599820733070374,"Critical Transition",0.0227203089743853,0.0178564041852951,0.959423303604126,"Kinneret","Monthly","EWSNet","ML","zooplankton"
"159","Oocystis","25","Smooth Transition",0.00828406400978565,0.697920560836792,0.293795496225357,"Critical Transition",2.29557363650703e-14,0.119999997317791,0.879999995231628,"Kasumigaura","Monthly","EWSNet","ML","zooplankton"
"160","Pediastrum","25","Critical Transition",0.0189982615411282,0.41215991973877,0.568841874599457,"Critical Transition",0.0399999991059303,0.122493237257004,0.837506711483002,"Kasumigaura","Monthly","EWSNet","ML","zooplankton"
"161","Peridinium","25","Critical Transition",0.00943572353571653,0.397603124380112,0.592961132526398,"Critical Transition",0.0399999991059303,0.120003677904606,0.83999627828598,"Kasumigaura","Monthly","EWSNet","ML","zooplankton"
"162","Phacus","25","Critical Transition",0.0082367118448019,0.333667367696762,0.658095836639404,"Smooth Transition",0.00306652789004147,0.662350237369537,0.334583252668381,"Kasumigaura","Monthly","EWSNet","ML","zooplankton"
"163","Planktolyngbya","25","Smooth Transition",0.00672625424340367,0.510709047317505,0.482564657926559,"Critical Transition",0,0.119999997317791,0.879999995231628,"Kasumigaura","Monthly","EWSNet","ML","zooplankton"
"164","Planktothrix","25","Smooth Transition",0.00267163757234812,0.642317593097687,0.355010807514191,"Critical Transition",0.0399999991059303,0.119999997317791,0.839999973773956,"Kasumigaura","Monthly","EWSNet","ML","zooplankton"
"165","Polyblepharides","25","Critical Transition",0.00588233722373843,0.452378183603287,0.541739463806152,"Critical Transition",0,0.159999996423721,0.839999973773956,"Kasumigaura","Monthly","EWSNet","ML","zooplankton"
"166","Pseudanabaena","25","Critical Transition",0.00550856534391642,0.356620103120804,0.637871384620667,"Critical Transition",0,0.120028287172318,0.879971742630005,"Kasumigaura","Monthly","EWSNet","ML","zooplankton"
"167","Pseudocarteria","25","Critical Transition",0.0182764902710915,0.137959867715836,0.843763649463654,"Critical Transition",0.0188261885195971,0.38970023393631,0.591473639011383,"Kasumigaura","Monthly","EWSNet","ML","zooplankton"
"168","Pteromonas","25","Critical Transition",0.0193158760666847,0.290345638990402,0.690338432788849,"Critical Transition",0.0381437763571739,0.230657964944839,0.731198370456696,"Kasumigaura","Monthly","EWSNet","ML","zooplankton"
"169","Quadricoccus","25","Critical Transition",0.00763110350817442,0.329572230577469,0.662796556949615,"Smooth Transition",0.00336199859157205,0.68896210193634,0.307676017284393,"Kasumigaura","Monthly","EWSNet","ML","zooplankton"
"170","Quadrigula","25","Critical Transition",0.0129328556358814,0.171648442745209,0.815418779850006,"Critical Transition",0.0158547293394804,0.152918875217438,0.831226348876953,"Kasumigaura","Monthly","EWSNet","ML","zooplankton"
"171","Radiococcus","25","Critical Transition",0.0171291325241327,0.192108690738678,0.79076224565506,"Critical Transition",0.0188818406313658,0.0178692825138569,0.963248729705811,"Kasumigaura","Monthly","EWSNet","ML","zooplankton"
"172","Rhabdoderma","25","Critical Transition",0.00998545438051224,0.346512407064438,0.643502116203308,"Critical Transition",1.51785974807366e-15,0.160014882683754,0.839985132217407,"Kasumigaura","Monthly","EWSNet","ML","zooplankton"
"173","Rhabdogloea","25","Critical Transition",0.0171961467713118,0.31807205080986,0.664731919765472,"Critical Transition",0.0124201253056526,0.0395426787436008,0.948037028312683,"Kasumigaura","Monthly","EWSNet","ML","zooplankton"
"174","Romeria","25","Smooth Transition",0.0173244550824165,0.492209136486053,0.490466296672821,"Critical Transition",0.0170770399272442,0.0737698748707771,0.909153044223785,"Kasumigaura","Monthly","EWSNet","ML","zooplankton"
"175","Scenedesmus","25","Smooth Transition",0.0077936970628798,0.753586947917938,0.238619342446327,"Critical Transition",9.21229645301988e-15,0.159999996423721,0.839999973773956,"Kasumigaura","Monthly","EWSNet","ML","zooplankton"
"176","Schroederia","25","Smooth Transition",0.0188573207706213,0.661024451255798,0.320118218660355,"Critical Transition",0.000143096665851772,0.185110211372375,0.814746677875519,"Kasumigaura","Monthly","EWSNet","ML","zooplankton"
"177","Snowella","25","Critical Transition",0.0255389790982008,0.480088829994202,0.494372099637985,"Critical Transition",0.0399999991059303,0.119999997317791,0.839999973773956,"Kasumigaura","Monthly","EWSNet","ML","zooplankton"
"178","Sphaerospermopsis","25","Critical Transition",0.0192293338477612,0.187101304531097,0.79366934299469,"Critical Transition",0.0277863498777151,0.0203873869031668,0.951826155185699,"Kasumigaura","Monthly","EWSNet","ML","zooplankton"
"179","Staurastrum","25","Critical Transition",0.0131624508649111,0.463058561086655,0.523778855800629,"Critical Transition",2.35969897981861e-26,0.197610765695572,0.802389204502106,"Kasumigaura","Monthly","EWSNet","ML","zooplankton"
"180","Staurosirella","25","Critical Transition",0.00923307053744793,0.289420664310455,0.701346278190613,"Critical Transition",0.0399998389184475,0.120000161230564,0.839999973773956,"Kasumigaura","Monthly","EWSNet","ML","zooplankton"
"181","Synura","25","Critical Transition",0.0218141674995422,0.209455221891403,0.768730700016022,"Critical Transition",0.0208945702761412,0.0180627536028624,0.961042642593384,"Kasumigaura","Monthly","EWSNet","ML","zooplankton"
"182","Tetrachlorella","25","Critical Transition",0.0182451345026493,0.19001567363739,0.791739225387573,"Critical Transition",0.0341706201434135,0.27307316660881,0.692756295204163,"Kasumigaura","Monthly","EWSNet","ML","zooplankton"
"183","Tetradesmus","25","Critical Transition",0.00866298004984856,0.222947716712952,0.768389344215393,"Smooth Transition",0.00435113674029708,0.717999398708344,0.277649402618408,"Kasumigaura","Monthly","EWSNet","ML","zooplankton"
"184","Tetraedron","25","Critical Transition",0.0207213163375854,0.235817030072212,0.743461608886719,"Critical Transition",9.93141075014137e-05,0.173980057239532,0.825920581817627,"Kasumigaura","Monthly","EWSNet","ML","zooplankton"
"185","Alona","25","Critical Transition",0.0174949411302805,0.256864726543427,0.72564023733139,"Critical Transition",0.0218256879597902,0.0181178133934736,0.960056364536285,"Lower Zurich","Monthly","EWSNet","ML","zooplankton"
"186","Asplanchna","25","Critical Transition",0.00813134759664536,0.244901120662689,0.746967494487762,"Critical Transition",0.00457408092916012,0.143207281827927,0.852218568325043,"Lower Zurich","Monthly","EWSNet","ML","zooplankton"
"187","Bosmina","25","Smooth Transition",0.01608114130795,0.588339030742645,0.395579844713211,"Critical Transition",0.0399826392531395,0.120017394423485,0.839999973773956,"Lower Zurich","Monthly","EWSNet","ML","zooplankton"
"188","Bythotrephes","25","Smooth Transition",0.0152400340884924,0.725520551204681,0.259239375591278,"Critical Transition",0.00991278421133757,0.190063521265984,0.800023674964905,"Lower Zurich","Monthly","EWSNet","ML","zooplankton"
"189","Canthocamptus","25","Critical Transition",0.0228892080485821,0.24554206430912,0.73156875371933,"Critical Transition",0.0218172054737806,0.0182342696934938,0.959948480129242,"Lower Zurich","Monthly","EWSNet","ML","zooplankton"
"190","Ceriodaphnia","25","Smooth Transition",0.0205716155469418,0.490946412086487,0.488482028245926,"Critical Transition",0.0180744156241417,0.0235609989613295,0.95836466550827,"Lower Zurich","Monthly","EWSNet","ML","zooplankton"
"191","Chaoborus","25","Critical Transition",0.0110729690641165,0.415981858968735,0.572945117950439,"Critical Transition",0.0239491108804941,0.0182232670485973,0.957827508449554,"Lower Zurich","Monthly","EWSNet","ML","zooplankton"
"192","Cyclops","25","Critical Transition",0.00765155022963881,0.353784114122391,0.638564348220825,"Critical Transition",3.91858289810683e-38,0.119999997317791,0.879999995231628,"Lower Zurich","Monthly","EWSNet","ML","zooplankton"
"193","Daphnia","25","Critical Transition",0.0133547456935048,0.307262688875198,0.679382503032684,"Critical Transition",0,0.119999997317791,0.879999995231628,"Lower Zurich","Monthly","EWSNet","ML","zooplankton"
"194","Daphniidae","25","Critical Transition",0.0232029538601637,0.44708526134491,0.529711782932281,"Critical Transition",0.0170361753553152,0.0243050269782543,0.958658754825592,"Lower Zurich","Monthly","EWSNet","ML","zooplankton"
"195","Diacyclops","25","Critical Transition",0.00557293044403195,0.243651300668716,0.750775814056396,"Critical Transition",0.0155447293072939,0.115873977541924,0.868581295013428,"Lower Zurich","Monthly","EWSNet","ML","zooplankton"
"196","Diaphanosoma","25","Critical Transition",0.0100937532261014,0.291492223739624,0.698414027690887,"Critical Transition",0.0107976589351892,0.311322152614594,0.677880167961121,"Lower Zurich","Monthly","EWSNet","ML","zooplankton"
"197","Diaptomus","25","Critical Transition",0.0190853122621775,0.320692092180252,0.66022253036499,"Smooth Transition",8.22512447484769e-05,0.538138329982758,0.461779356002808,"Lower Zurich","Monthly","EWSNet","ML","zooplankton"
"198","Eudiaptomus","25","Critical Transition",0.0291402004659176,0.281192094087601,0.689667761325836,"Critical Transition",1.80283950612647e-06,0.399842232465744,0.60015594959259,"Lower Zurich","Monthly","EWSNet","ML","zooplankton"
"199","Leptodora","25","Critical Transition",0.0202574115246534,0.358415305614471,0.62132728099823,"Critical Transition",0.0181376561522484,0.272024244070053,0.709838092327118,"Lower Zurich","Monthly","EWSNet","ML","zooplankton"
"200","Megacyclops","25","Critical Transition",0.0231838840991259,0.272817045450211,0.703999042510986,"Critical Transition",0.0231696628034115,0.0180169213563204,0.958813309669495,"Lower Zurich","Monthly","EWSNet","ML","zooplankton"
"201","Mesocyclops","25","Smooth Transition",0.0051878746598959,0.715580224990845,0.279231905937195,"Critical Transition",0.0352476947009563,0.402670741081238,0.562081515789032,"Lower Zurich","Monthly","EWSNet","ML","zooplankton"
"202","Polyphemus","25","Critical Transition",0.0116093205288053,0.263489693403244,0.724900960922241,"Critical Transition",0.0224428772926331,0.0177725944668055,0.959784626960754,"Lower Zurich","Monthly","EWSNet","ML","zooplankton"
"203","ACANTHOCYCLOPS","25","Smooth Transition",0.00859928969293833,0.728057384490967,0.263343185186386,"Critical Transition",0.024486105889082,0.0183121152222157,0.957201778888702,"Mendota","Monthly","EWSNet","ML","zooplankton"
"204","AGLAODIAPTOMUS","25","Smooth Transition",0.0189528223127127,0.581143140792847,0.399904072284698,"Critical Transition",0.0251359455287457,0.0184135343879461,0.956450402736664,"Mendota","Monthly","EWSNet","ML","zooplankton"
"205","ALONA","25","Critical Transition",0.0215553268790245,0.448743224143982,0.529701471328735,"Critical Transition",0.0243314169347286,0.01829026453197,0.957378208637238,"Mendota","Monthly","EWSNet","ML","zooplankton"
"206","CALANOID","25","Smooth Transition",0.0173104330897331,0.493026554584503,0.489663034677505,"Critical Transition",0.0269361156970263,0.0188011955469847,0.954262673854828,"Mendota","Monthly","EWSNet","ML","zooplankton"
"207","CHYDORUS","25","Critical Transition",0.0325787551701069,0.368015319108963,0.599405944347382,"Critical Transition",0.0251513887196779,0.0184140522032976,0.956434607505798,"Mendota","Monthly","EWSNet","ML","zooplankton"
"208","COPEPOD","25","Critical Transition",0.0146880652755499,0.403070718050003,0.582241296768188,"Critical Transition",0.0385982394218445,0.0207652896642685,0.940636456012726,"Mendota","Monthly","EWSNet","ML","zooplankton"
"209","COPEPODITES","25","Critical Transition",0.00508880661800504,0.403058350086212,0.591852903366089,"Critical Transition",0.0243592485785484,0.0182996038347483,0.957341134548187,"Mendota","Monthly","EWSNet","ML","zooplankton"
"210","CYCLOPOID","25","Smooth Transition",0.0298156477510929,0.619082093238831,0.3511021733284,"Critical Transition",0.0259545091539621,0.0185036137700081,0.955541849136353,"Mendota","Monthly","EWSNet","ML","zooplankton"
"211","DAPHNIA","25","Smooth Transition",0.0125554194673896,0.975142240524292,0.0123022589832544,"Critical Transition",0.0303231533616781,0.0190750472247601,0.950601756572723,"Mendota","Monthly","EWSNet","ML","zooplankton"
"212","DIACYCLOPS","25","Smooth Transition",0.00609924178570509,0.737177491188049,0.256723284721375,"Critical Transition",0.0283350460231304,0.0188170913606882,0.952847838401794,"Mendota","Monthly","EWSNet","ML","zooplankton"
"213","DIAPHANOSOMA","25","Critical Transition",0.0248215105384588,0.484388530254364,0.490789979696274,"Critical Transition",0.024750804528594,0.0183214657008648,0.95692765712738,"Mendota","Monthly","EWSNet","ML","zooplankton"
"214","DIAPTOMID","25","Smooth Transition",0.00898914970457554,0.608310043811798,0.382700830698013,"Critical Transition",0.0349198207259178,0.0195615626871586,0.945518553256989,"Mendota","Monthly","EWSNet","ML","zooplankton"
"215","HARPACTICOID","25","Smooth Transition",0.0099914763122797,0.558977484703064,0.431031048297882,"Critical Transition",0.0243340414017439,0.0182906128466129,0.957375288009644,"Mendota","Monthly","EWSNet","ML","zooplankton"
"216","LEPTODORA","25","Critical Transition",0.00897828955203295,0.390281826257706,0.6007399559021,"Critical Transition",0.024334691464901,0.0182903409004211,0.957375049591064,"Mendota","Monthly","EWSNet","ML","zooplankton"
"217","MESOCYCLOPS","25","Smooth Transition",0.00743885384872556,0.548465430736542,0.444095700979233,"Critical Transition",0.0247894786298275,0.0183566324412823,0.956854045391083,"Mendota","Monthly","EWSNet","ML","zooplankton"
"218","SINOBOSMINA","25","Smooth Transition",0.0109739443287253,0.777907013893127,0.211119040846825,"Critical Transition",0.0243364293128252,0.018291249871254,0.957372307777405,"Mendota","Monthly","EWSNet","ML","zooplankton"
"219","TROPOCYCLOPS","25","Critical Transition",0.0139637878164649,0.410984575748444,0.575051724910736,"Critical Transition",0.0243504475802183,0.0182926896959543,0.957356810569763,"Mendota","Monthly","EWSNet","ML","zooplankton"
"220","zoobiomass","25","Smooth Transition",0.0192420557141304,0.876411199569702,0.104346744716167,"Critical Transition",0.0233549810945988,0.0180032309144735,0.958641767501831,"Windermere","Monthly","EWSNet","ML","zooplankton"
"221","Bosmina","25","Smooth Transition",0.0117922257632017,0.897727489471436,0.0904804244637489,"Critical Transition",0.023070327937603,0.0179540291428566,0.958975672721863,"Windermere","Monthly","EWSNet","ML","zooplankton"
"222","Daphnia","25","Smooth Transition",0.0142317451536655,0.625004053115845,0.36076420545578,"Critical Transition",0.023069653660059,0.0179516673088074,0.958978593349457,"Windermere","Monthly","EWSNet","ML","zooplankton"
"223","TotCalanoids","25","Smooth Transition",0.0202484745532274,0.944061815738678,0.0356896743178368,"Critical Transition",0.0230916645377874,0.0179561786353588,0.958952307701111,"Windermere","Monthly","EWSNet","ML","zooplankton"
"224","TotCyclopoids","25","Smooth Transition",0.026233522221446,0.742380619049072,0.231385797262192,"Critical Transition",0.0230886321514845,0.0179553609341383,0.958956122398376,"Windermere","Monthly","EWSNet","ML","zooplankton"
"225","conochilus","25","Smooth Transition",0.0308187957853079,0.930614471435547,0.0385668054223061,"Critical Transition",0.0288219172507524,0.0193821601569653,0.951795876026154,"Washington","Monthly","EWSNet","ML","zooplankton"
"226","cyclops","25","Smooth Transition",0.023266339674592,0.969461679458618,0.00727200787514448,"Critical Transition",0.0289366357028484,0.019352862611413,0.95171046257019,"Washington","Monthly","EWSNet","ML","zooplankton"
"227","daphnia","25","Smooth Transition",0.00801450572907925,0.717264890670776,0.27472060918808,"Critical Transition",0.0281482934951782,0.0192767418920994,0.952574908733368,"Washington","Monthly","EWSNet","ML","zooplankton"
"228","diaptomus","25","Smooth Transition",0.00779123185202479,0.793943166732788,0.198265641927719,"Critical Transition",0.029901310801506,0.0194618757814169,0.950636923313141,"Washington","Monthly","EWSNet","ML","zooplankton"
"229","epischura","25","Smooth Transition",0.00507906777784228,0.904644846916199,0.0902760773897171,"Critical Transition",0.0281916782259941,0.0192819945514202,0.952526330947876,"Washington","Monthly","EWSNet","ML","zooplankton"
"230","leptodora","25","Smooth Transition",0.00816997047513723,0.629604697227478,0.362225353717804,"Critical Transition",0.0281394347548485,0.0192759186029434,0.952584683895111,"Washington","Monthly","EWSNet","ML","zooplankton"
"231","neomysis","25","Smooth Transition",0.00419718958437443,0.881215274333954,0.114587590098381,"Critical Transition",0.0281389839947224,0.0192758310586214,0.952585160732269,"Washington","Monthly","EWSNet","ML","zooplankton"
"232","nonDaphnid.cladocerans","25","Smooth Transition",0.0142390504479408,0.796619594097137,0.189141348004341,"Critical Transition",0.0283649787306786,0.0193003434687853,0.952334642410278,"Washington","Monthly","EWSNet","ML","zooplankton"
"233","nc.rotifers","25","Smooth Transition",0.006819739472121,0.975909113883972,0.0172712057828903,"Critical Transition",0.0322157703340054,0.0198077876120806,0.947976469993591,"Washington","Monthly","EWSNet","ML","zooplankton"
"234","Cyclops","25","Smooth Transition",0.0154292415827513,0.92014616727829,0.0644245445728302,"Smooth Transition",0.012944433838129,0.510730922222137,0.476324617862701,"Loch Leven","Monthly","EWSNet","ML","zooplankton"
"235","Eudiaptomus","25","Smooth Transition",0.0295791514217854,0.963683843612671,0.00673685409128666,"Smooth Transition",0.0139028206467628,0.839348971843719,0.146748125553131,"Loch Leven","Monthly","EWSNet","ML","zooplankton"
"236","Alona","25","Critical Transition",0.0300411749631166,0.296167463064194,0.673791289329529,"Critical Transition",0.0238022692501545,0.0180965717881918,0.958101093769073,"Upper Zurich","Monthly","EWSNet","ML","zooplankton"
"237","Asplanchna","25","Critical Transition",0.0154580548405647,0.252027601003647,0.732514262199402,"Critical Transition",1.14119512450994e-10,0.409572094678879,0.590427875518799,"Upper Zurich","Monthly","EWSNet","ML","zooplankton"
"238","Bosmina","25","Smooth Transition",0.0162333194166422,0.52423882484436,0.459527879953384,"Critical Transition",0.0399999804794788,0.120000034570694,0.839999973773956,"Upper Zurich","Monthly","EWSNet","ML","zooplankton"
"239","Bythotrephes","25","Smooth Transition",0.00664824107661843,0.658153235912323,0.335198491811752,"Critical Transition",0.018367039039731,0.23213654756546,0.749496400356293,"Upper Zurich","Monthly","EWSNet","ML","zooplankton"
"240","Canthocamptus","25","Critical Transition",0.0097340065985918,0.249639555811882,0.740626454353333,"Critical Transition",0.022791774943471,0.0191049203276634,0.958103179931641,"Upper Zurich","Monthly","EWSNet","ML","zooplankton"
"241","Ceriodaphnia","25","Smooth Transition",0.0228452924638987,0.620299279689789,0.356855541467667,"Critical Transition",0.0160044282674789,0.0306702703237534,0.95332533121109,"Upper Zurich","Monthly","EWSNet","ML","zooplankton"
"242","Chaoborus","25","Critical Transition",0.00461757788434625,0.277493119239807,0.717889308929443,"Critical Transition",0.0239860005676746,0.0181556101888418,0.957858324050903,"Upper Zurich","Monthly","EWSNet","ML","zooplankton"
"243","Cyclops","25","Critical Transition",0.0178124252706766,0.388300627470016,0.593886971473694,"Critical Transition",0.000829202763270587,0.159170746803284,0.839999973773956,"Upper Zurich","Monthly","EWSNet","ML","zooplankton"
"244","Daphnia","25","Critical Transition",0.00538365775719285,0.277739703655243,0.71687650680542,"Critical Transition",0.0399999991059303,0.119999997317791,0.839999973773956,"Upper Zurich","Monthly","EWSNet","ML","zooplankton"
"245","Daphniidae","25","Critical Transition",0.0158717837184668,0.345074117183685,0.639054119586945,"Critical Transition",0.015490042977035,0.025614969432354,0.958894968032837,"Upper Zurich","Monthly","EWSNet","ML","zooplankton"
"246","Diacyclops","25","Critical Transition",0.0190726723521948,0.254184544086456,0.726742684841156,"Critical Transition",0.0278316289186478,0.144001737236977,0.828166663646698,"Upper Zurich","Monthly","EWSNet","ML","zooplankton"
"247","Diaphanosoma","25","Critical Transition",0.0137621201574802,0.271986603736877,0.714251279830933,"Smooth Transition",4.99880698043853e-05,0.529753148555756,0.470196902751923,"Upper Zurich","Monthly","EWSNet","ML","zooplankton"
"248","Diaptomus","25","Critical Transition",0.00691705988720059,0.331310153007507,0.661772668361664,"Smooth Transition",0.000291770906187594,0.501583397388458,0.498124837875366,"Upper Zurich","Monthly","EWSNet","ML","zooplankton"
"249","Eudiaptomus","25","Critical Transition",0.00577253894880414,0.284783035516739,0.709444344043732,"Critical Transition",0.000162083844770677,0.365591764450073,0.634246110916138,"Upper Zurich","Monthly","EWSNet","ML","zooplankton"
"250","Leptodora","25","Critical Transition",0.00846757087856531,0.368276685476303,0.623255789279938,"Critical Transition",0.0150263793766499,0.289159089326859,0.695814490318298,"Upper Zurich","Monthly","EWSNet","ML","zooplankton"
"251","Megacyclops","25","Critical Transition",0.0101652089506388,0.363949000835419,0.625885725021362,"Critical Transition",0.0243605431169271,0.0182894095778465,0.957350015640259,"Upper Zurich","Monthly","EWSNet","ML","zooplankton"
"252","Mesocyclops","25","Smooth Transition",0.00766261061653495,0.913010954856873,0.0793265327811241,"Critical Transition",0.0398872196674347,0.434383243322372,0.525729537010193,"Upper Zurich","Monthly","EWSNet","ML","zooplankton"
"253","Polyphemus","25","Critical Transition",0.00780229642987251,0.265698730945587,0.726498961448669,"Critical Transition",0.0234944559633732,0.0180627051740885,0.958442747592926,"Upper Zurich","Monthly","EWSNet","ML","zooplankton"
"254","ACANTHOCYCLOPS","25","Smooth Transition",0.0161008238792419,0.903567373752594,0.0803317129611969,"Critical Transition",0.0261504035443068,0.0186996106058359,0.95514988899231,"Monona","Monthly","EWSNet","ML","zooplankton"
"255","AGLAODIAPTOMUS","25","Smooth Transition",0.0155576672405005,0.953646779060364,0.0307955965399742,"Critical Transition",0.0266068298369646,0.0187608655542135,0.95463240146637,"Monona","Monthly","EWSNet","ML","zooplankton"
"256","ALONA","25","Smooth Transition",0.00805926881730556,0.757501661777496,0.23443914949894,"Critical Transition",0.0257186461240053,0.0186494365334511,0.955631852149963,"Monona","Monthly","EWSNet","ML","zooplankton"
"257","BYTHOTREPHES","25","Critical Transition",0.0129711059853435,0.426183015108109,0.560845851898193,"Critical Transition",0.0256952121853828,0.0186475906521082,0.955657243728638,"Monona","Monthly","EWSNet","ML","zooplankton"
"258","CALANOID","25","Critical Transition",0.0124607300385833,0.285343140363693,0.70219612121582,"Critical Transition",0.0280984379351139,0.0188997872173786,0.953001797199249,"Monona","Monthly","EWSNet","ML","zooplankton"
"259","CHYDORUS","25","Smooth Transition",0.00890166126191616,0.593410670757294,0.397687673568726,"Critical Transition",0.0287836417555809,0.0190264172852039,0.952189922332764,"Monona","Monthly","EWSNet","ML","zooplankton"
"260","COPEPOD","25","Critical Transition",0.021189684048295,0.384262084960938,0.594548225402832,"Critical Transition",0.0351767651736736,0.0215224903076887,0.943300724029541,"Monona","Monthly","EWSNet","ML","zooplankton"
"261","COPEPODITES","25","Smooth Transition",0.0140142533928156,0.664410650730133,0.321574985980988,"Critical Transition",0.0262688156217337,0.018739091232419,0.954992115497589,"Monona","Monthly","EWSNet","ML","zooplankton"
"262","CYCLOPOID","25","Smooth Transition",0.015669422224164,0.886283397674561,0.098047211766243,"Critical Transition",0.0309932455420494,0.0192134082317352,0.949793338775635,"Monona","Monthly","EWSNet","ML","zooplankton"
"263","DAPHNIA","25","Smooth Transition",0.00845311302691698,0.905941784381866,0.0856052190065384,"Critical Transition",0.0339150168001652,0.0196279734373093,0.946456968784332,"Monona","Monthly","EWSNet","ML","zooplankton"
"264","DIACYCLOPS","25","Smooth Transition",0.0184823628515005,0.731012165546417,0.250505477190018,"Critical Transition",0.0324872359633446,0.0196805614978075,0.94783228635788,"Monona","Monthly","EWSNet","ML","zooplankton"
"265","DIAPHANOSOMA","25","Smooth Transition",0.0173526462167501,0.84125828742981,0.141388967633247,"Critical Transition",0.0267576221376657,0.0187805369496346,0.954461753368378,"Monona","Monthly","EWSNet","ML","zooplankton"
"266","DIAPTOMID","25","Smooth Transition",0.00651387078687549,0.758751451969147,0.234734684228897,"Critical Transition",0.0335308201611042,0.0196523945778608,0.946816861629486,"Monona","Monthly","EWSNet","ML","zooplankton"
"267","LEPTODORA","25","Smooth Transition",0.0209065303206444,0.503438293933868,0.475655168294907,"Critical Transition",0.0257030632346869,0.0186489466577768,0.955647945404053,"Monona","Monthly","EWSNet","ML","zooplankton"
"268","MESOCYCLOPS","25","Smooth Transition",0.0148387504741549,0.87137496471405,0.113786362111568,"Critical Transition",0.0264885257929564,0.0187603421509266,0.954751133918762,"Monona","Monthly","EWSNet","ML","zooplankton"
"269","SINOBOSMINA","25","Smooth Transition",0.00703383190557361,0.791615307331085,0.201350882649422,"Critical Transition",0.0265784952789545,0.0187981352210045,0.954623341560364,"Monona","Monthly","EWSNet","ML","zooplankton"
"270","TROPOCYCLOPS","25","Smooth Transition",0.0188717097043991,0.778088986873627,0.203039303421974,"Critical Transition",0.025704650208354,0.0186502486467361,0.955645084381104,"Monona","Monthly","EWSNet","ML","zooplankton"
